Gene symbol,baseMean,log2FoldChange,lfcSE,stat,pvalue,padj,Regulation_Aged_by_young,GSM9085542_OPC.1,GSM9085543_OPC.2,GSM9085544_OPC.3,GSM9085545_OPC.4,GSM3967160_young1,GSM3967161_young2,GSM3967162_young3,GSM3967163_Aged.1,GSM3967164_Aged.2,GSM3967165_Aged.3,GSM3929171_Aged.5,GSM3929172_Aged.6,GSM3929170_Aged.4
Mki67,2127.148778,-2.118591712,0.390210204,-5.429360099,5.66E-08,5.74E-06,DOWN,12.0054585,11.82377101,12.06364633,12.18981669,11.89436351,10.97193057,10.47489113,9.704749991,9.076141928,8.644912665,10.03168576,9.047375476,9.95396762
Top2a,682.8810869,-3.000982842,0.418711901,-7.167178278,7.66E-13,4.19E-10,DOWN,10.09936712,9.789714516,10.1479231,10.27685211,10.88338151,9.771064288,9.325528788,7.810786904,7.595253697,6.944011163,9.032950154,8.130008976,8.55369045
Fam46c,1115.077117,1.257355389,0.404294417,3.10999939,0.001870877,0.022288777,UP,10.58164052,10.56970992,9.114825472,10.28986242,8.473280237,9.478034364,9.601840766,10.35669934,10.3161178,10.67269935,10.8792145,10.20115104,10.14032823
Rubcnl,736.4586072,0.589180165,0.187333093,3.145093873,0.001660335,0.020486481,UP,9.899049639,9.577568925,9.549776268,9.606845502,8.915482171,9.174969339,9.411301657,9.710062996,9.695666887,9.787647424,10.07285088,9.602558135,9.630938276
Hist2h3c2,208.3125948,-2.485734563,0.444460073,-5.592706109,2.24E-08,2.52E-06,DOWN,8.407081436,8.151401651,8.02138207,9.018830619,9.337901484,8.321825114,7.913283335,6.344032605,6.878785904,6.89596688,6.940045788,6.978239815,6.796447873
Tlr13,3924.103763,1.097850901,0.350281195,3.134198801,0.001723241,0.021001428,UP,13.1886685,12.50839368,11.68800733,12.77541129,10.19230102,10.77925326,10.81571137,11.63720946,11.68391735,11.76738272,12.30694095,11.92954792,11.28889247
Hist1h2ao,1054.883503,-1.582883831,0.380356538,-4.161579134,3.16E-05,0.001032811,DOWN,10.86302582,10.66469415,10.04653204,11.09458514,11.41211912,10.46584833,10.15309022,9.003087148,9.679997043,9.026556646,6.844199449,7.436711621,7.39956921
Elavl4,441.667164,-2.709306561,0.281520494,-9.623834225,6.34E-22,4.17E-18,DOWN,9.650440704,9.434913212,9.669759085,9.826413683,10.06930685,9.319639217,9.300566781,7.314889021,7.142469523,7.403848485,6.369139292,6.17304374,7.163776758
Fhod1,2337.288242,0.607411549,0.157529097,3.855868913,0.000115319,0.002766358,UP,11.57303064,11.60337506,11.47292249,11.30397054,10.34932673,10.60204244,10.84453936,11.21545538,11.1694816,11.22996063,11.49710117,11.33467364,11.11791219
Cenpf,502.284178,-3.318008776,0.430978456,-7.698781055,1.37E-14,1.04E-11,DOWN,9.816117225,9.676762467,10.05634628,9.916436008,10.13689181,9.365210084,8.782108417,7.132114828,6.929832022,6.207638673,7.827469483,7.619165717,8.600812142
Dcx,662.8895482,-2.780151855,0.338196181,-8.220530006,2.03E-16,2.66E-13,DOWN,10.17736896,9.763752129,10.15097945,10.01376719,10.89014134,10.11169952,9.553880608,7.932057937,7.931751191,7.437129465,7.802944597,7.226580365,7.857406513
Troap,119.5914575,-2.874080557,0.560332399,-5.129242143,2.91E-07,2.27E-05,DOWN,8.311819048,8.068413017,8.048067905,8.486641845,8.181727273,7.07563528,6.861773511,5.768689471,6.163741423,5.332112487,6.038385492,5.653216858,5.995964958
Sp8,36.71209981,-4.910670138,0.90772932,-5.409839726,6.31E-08,6.28E-06,DOWN,6.397623659,6.308990703,6.847244822,6.619184586,7.481217958,6.30079383,6.03665687,5.24571915,4.890820909,4.767826011,5.15393544,6.448210971,5.601673458
Prc1,316.3816486,-2.713516774,0.423199325,-6.411911873,1.44E-10,3.33E-08,DOWN,9.06821698,8.983132083,9.095890871,9.439342698,9.493934662,8.54726994,8.105280828,6.899541403,6.966062541,6.110687639,7.777985497,7.97934451,8.040400994
Hist1h3a,107.5905166,-1.976281969,0.417922677,-4.728822046,2.26E-06,0.000122385,DOWN,7.67102432,7.25633187,7.545387183,8.079752064,8.203038711,7.450035882,7.161266548,6.203030994,6.402219351,6.42355104,6.038385492,6.740050032,6.878430559
LOC102549061,958.3126585,-1.720576289,0.299845429,-5.738210835,9.57E-09,1.25E-06,DOWN,10.35009035,10.32352083,10.0596029,10.70942549,11.29656836,10.43635225,10.2020043,9.105313345,9.350418773,8.7632188,8.316139741,8.370564863,8.55369045
Hist1h2ak,705.2788111,-0.986095826,0.336118971,-2.93377022,0.00334872,0.034031218,DOWN,9.968352627,9.984614317,9.439037463,10.35568589,10.41703506,9.576831136,9.36962578,8.851883168,9.135203489,8.826329826,8.692665415,9.401482757,8.646432212
Sox11,335.3226004,-4.027694791,0.457885416,-8.796294112,1.41E-18,3.10E-15,DOWN,8.668885876,8.726052999,8.428544815,9.494373211,10.2299267,9.449343127,9.090501499,6.612030206,6.614512039,6.110687639,6.038385492,7.27124782,6.796447873
Bcl11a,217.7689377,-2.763142835,0.466888243,-5.918210351,3.25E-09,4.92E-07,DOWN,8.632308497,8.374770964,8.687059546,8.513618586,9.422857092,8.456458007,8.183222561,6.617383029,6.899439839,6.387714791,5.938038808,5.809781955,7.226625823
hist1h2ail2,983.7001667,-1.934174666,0.387279556,-4.994259664,5.91E-07,4.06E-05,DOWN,10.88643199,10.46623819,10.25690272,11.41972756,11.10105984,10.10325807,9.693219669,8.394356035,8.845780702,8.587728154,7.827469483,8.287711702,8.139838383
Dennd2c,1250.12596,0.58644254,0.20017564,2.929639895,0.00339355,0.034309855,UP,10.60063574,10.59445794,10.27382389,10.42336515,9.447928342,9.873916929,10.23934986,10.37983761,10.39991509,10.56904678,10.36565412,10.47236774,10.4210337
Ndc80,167.7993221,-2.160313507,0.385381611,-5.605647608,2.07E-08,2.39E-06,DOWN,8.294327402,7.970130048,8.687059546,8.608396729,8.588683417,7.715588383,7.599230311,6.595835907,6.526580644,6.350797247,6.892986095,6.17304374,7.097891243
Aspm,581.2299752,-2.908549634,0.479701575,-6.063248044,1.33E-09,2.27E-07,DOWN,9.953648051,9.878411084,10.20491379,10.24780927,10.39726867,9.505050147,9.120030697,7.493054646,7.23347795,7.061418074,7.437673073,6.80374196,8.795551537
Ube2ql1,317.2830979,-2.973658979,0.383716336,-7.749628308,9.22E-15,9.08E-12,DOWN,8.987377311,8.841120868,8.846766245,9.312359937,9.942405175,9.129365984,8.78124808,6.837871483,7.017073139,6.910562823,5.702477535,6.978239815,6.878430559
LOC100364835,402.5040036,-2.236190029,0.352095087,-6.351096929,2.14E-10,4.73E-08,DOWN,9.321390014,9.20539944,9.010829342,9.923133323,10.14457421,9.234056264,8.978720455,7.490265092,7.73778408,7.544672088,6.369139292,6.740050032,6.615247565
LOC102548682,692.3084076,-2.479878292,0.373618716,-6.637457342,3.19E-11,1.05E-08,DOWN,10.10270288,9.994568539,9.937464495,10.87221839,10.81558574,9.854800432,9.402392367,7.707089337,8.054145901,7.946861444,7.50046265,7.180407833,7.452721528
LOC100359539,167.4855287,-3.623540727,0.511140524,-7.089128245,1.35E-12,7.00E-10,DOWN,8.686830215,8.151401651,8.377028666,8.45914633,8.970135165,7.992745659,7.519914671,5.874974024,6.21778079,5.503788601,6.215442241,5.809781955,6.70900708
Runx1,825.880756,0.862765871,0.25008809,3.449847895,0.000560902,0.009162522,UP,10.29283893,10.31956751,9.736412215,10.12830756,8.994674773,9.315192601,9.656705636,9.990303125,10.0408873,10.41948689,9.246156975,8.771545401,8.668708669
LOC102549173,336.4870972,-2.271566831,0.43626557,-5.206844147,1.92E-07,1.66E-05,DOWN,8.878501151,8.868501323,8.635458745,9.97561991,9.771449421,8.701588949,8.435446536,7.226547172,7.254658452,7.124781171,7.777985497,7.314509443,7.39956921
Hjurp,160.2458467,-1.389090145,0.344326089,-4.034228565,5.48E-05,0.001539913,DOWN,7.98055956,7.990339213,8.222026599,8.260926909,8.273201031,7.657844472,7.519914671,7.050010543,6.345581472,6.99947498,7.589641128,7.27124782,7.39956921
LOC680322,225.6344286,-2.531903359,0.529260025,-4.783855268,1.72E-06,0.000100253,DOWN,8.708949187,8.471003529,7.909311112,9.671931651,9.130763785,8.022881482,7.729413187,6.350665026,6.789081525,6.45148843,6.892986095,7.314509443,6.514067012
Hist1h2bk,306.4996382,-1.795683865,0.344078439,-5.218821239,1.80E-07,1.58E-05,DOWN,9.030121533,8.658594057,8.279338023,9.352638402,9.497941134,8.855860914,8.4839217,7.44773637,7.64174257,7.359352576,7.700337965,7.436711621,7.817783911
Pbk,101.2237585,-3.197658822,0.563219806,-5.6774616,1.37E-08,1.65E-06,DOWN,7.897716149,7.714227284,7.81901678,7.926886153,8.197386785,7.46178063,7.083082375,5.94330446,5.886015765,5.373850959,5.15393544,5.210847643,6.514067012
Hist1h2ah,1368.87979,-1.099423154,0.323059957,-3.403155149,0.000666124,0.010368074,DOWN,11.19057162,11.0998331,10.53937971,11.76345482,11.15835945,10.31638773,10.10142676,9.482655513,9.653981928,9.508461941,9.307862417,9.381729851,9.463098818
Stmn2,244.5221167,-1.911692943,0.258308206,-7.400821566,1.35E-13,8.60E-11,DOWN,8.133000479,8.554427201,8.535739299,8.574653697,8.998724252,8.715178711,9.14496282,7.192328644,7.431917969,7.453475412,7.437673073,6.448210971,6.70900708
Tpx2,264.5478824,-2.233659158,0.329143078,-6.786286286,1.15E-11,4.36E-09,DOWN,8.850935394,8.607457715,8.997284133,8.974310131,9.14251958,8.307764634,7.89417493,6.739598476,6.818455716,6.876253038,8.072418082,7.685963933,7.857406513
Ccna2,225.0348408,-2.162744352,0.358816884,-6.027431945,1.67E-09,2.81E-07,DOWN,8.722058546,8.755697073,8.720455797,8.914963472,9.192850052,8.210766188,7.813350427,6.903838704,6.919778082,6.701281828,6.740854802,6.602459981,6.514067012
Samsn1,284.1711189,1.69568229,0.275803279,6.148158557,7.84E-10,1.51E-07,UP,8.541498577,8.574544583,8.24522852,8.217749185,7.108042822,7.484976645,7.794551807,8.903385975,8.949402031,8.906767912,8.744680818,7.97934451,8.040400994
Hist1h1a,191.8400972,-1.317486199,0.475405285,-2.771290606,0.005583457,0.048107574,DOWN,8.311819048,8.255019942,7.526372391,8.880901265,9.08275485,7.945476661,7.846900758,7.321212699,7.436531768,7.2620864,5.938038808,6.864491524,6.796447873
Rhbdf2,933.9834265,1.024903157,0.363497231,2.819562488,0.004808917,0.043427912,UP,10.46598365,9.658089463,9.194110088,10.37534916,8.808768665,9.233382973,9.344260931,9.944468606,9.885645836,10.4353221,10.55183574,10.37591666,9.596583195
Kif4a,98.21342237,-2.929280468,0.404371287,-7.244036758,4.36E-13,2.68E-10,DOWN,7.680105039,7.599892514,7.834472537,7.857976687,8.041951383,7.174213281,6.905128952,5.710901592,5.89390631,5.701410218,6.294758929,6.448210971,6.796447873
Lcp1,6991.324316,0.93592757,0.303953659,3.079178496,0.002075723,0.023961404,UP,12.78383809,12.50012424,11.85748634,12.67390204,11.51374097,12.14163232,12.41273395,12.96198444,12.97064112,13.05891893,13.72276188,13.3574725,12.76686374
Hist1h2bo,330.2829454,-1.46647662,0.357192452,-4.105564418,4.03E-05,0.001222707,DOWN,9.16406251,9.1706606,8.572809657,9.507808285,9.222915916,8.553772861,8.609574564,7.364685327,7.767181308,7.607177686,8.092722143,8.19974504,6.955642279
Knl1,236.0899722,-1.438468759,0.320317311,-4.49076184,7.10E-06,0.000317828,DOWN,8.901714731,8.499355544,8.753091637,8.921679987,8.817970921,8.266055034,7.809951086,6.92089059,7.122358777,7.520104729,7.302861101,7.27124782,7.344296183
Crmp1,331.5440825,-2.465304202,0.375955228,-6.557440934,5.47E-11,1.52E-08,DOWN,8.980127951,8.932158754,8.948843876,9.211920372,9.771449421,9.023478694,8.934549866,6.734729734,6.97899797,7.745655229,7.405180935,6.92257777,7.647106684
Meis2,369.303985,-2.137724012,0.344705592,-6.201593654,5.59E-10,1.10E-07,DOWN,9.627455469,9.222459119,9.176197881,9.525528871,9.734584726,8.898147958,8.661025651,7.436172118,7.568277666,7.044008318,7.337816554,6.740050032,7.600986552
Uhrf1,207.3979356,-2.948641844,0.51425481,-5.733814804,9.82E-09,1.27E-06,DOWN,8.575628749,8.2466673,8.112666966,8.908215386,9.375727059,8.213513581,7.910116478,6.573918495,6.684773545,5.963385845,6.685948054,6.363278186,7.503915314
AABR07000658.1,102.5715663,-1.633268113,0.406773917,-4.015174145,5.94E-05,0.001644999,DOWN,7.950992611,7.842411441,8.099980053,7.611666651,7.821978487,6.952442534,6.934337696,6.446058226,6.286164819,6.034581732,6.628607612,5.809781955,6.404013887
E2f8,104.4896753,-2.845186435,0.554122676,-5.1345786,2.83E-07,2.23E-05,DOWN,8.023784483,7.83122829,7.739088777,8.600035239,7.879818478,6.861112098,6.640762747,5.526528297,5.87005162,5.645162629,5.384695381,5.944966993,6.615247565
Cdk1,67.42608013,-2.05788572,0.402172925,-5.116917606,3.11E-07,2.40E-05,DOWN,7.297178029,7.221993274,7.364105013,7.134504688,7.55230868,6.88632415,6.737435789,6.125618375,5.723019848,5.920480252,5.827161447,5.944966993,6.514067012
LOC100912489,564.3689862,-0.940187745,0.338966949,-2.773685602,0.005542521,0.047901484,DOWN,9.852245751,9.651810936,8.983609971,10.25843813,9.635216043,9.093446075,9.372480059,8.207320733,8.806881814,8.517480342,9.074141822,9.022058104,8.291524141
Hist1h2ail1,182.6815813,-1.749815983,0.495211356,-3.533473058,0.000410138,0.007387356,DOWN,8.455054196,7.773942416,7.803389783,9.195400065,8.959369715,8.060054858,7.892570844,6.77318071,7.211965126,7.017465328,6.215442241,5.809781955,5.311071597
Igfbp5,1465.873815,-3.126594136,0.413794676,-7.555907111,4.16E-14,2.83E-11,DOWN,10.76013681,11.33727311,10.57621831,11.18786773,12.2533802,11.15648856,10.67868608,8.364586568,8.948608399,8.261469388,8.383453451,9.440193337,9.037061966
Itgb3,417.4257238,1.139091448,0.341292073,3.337585426,0.000845097,0.012427346,UP,9.247895853,8.720049908,8.061224959,8.608396729,8.010006362,8.342032474,8.381860225,9.047658421,9.240691691,9.491459337,9.5163476,8.943313172,8.454518765
LOC679811,543.3339499,-0.745975225,0.187844284,-3.97124261,7.15E-05,0.001876008,DOWN,9.643583572,9.613553837,9.408691095,9.726564849,9.770976656,9.188928741,9.316070453,8.804005869,8.624942978,8.855664433,8.665932186,8.644422961,8.47996388
Spp1,349.4802962,2.376517337,0.609677028,3.897993901,9.70E-05,0.002398048,UP,9.047562958,8.419992715,7.803389783,8.548813924,6.215075634,6.766925268,6.343313651,8.032399539,7.728470045,8.620887703,10.83504817,8.429693978,8.47996388
Slit1,179.7463516,-2.954532053,0.547518922,-5.396219077,6.81E-08,6.71E-06,DOWN,8.739353253,8.049293639,8.162311771,8.52249893,8.925729789,8.052390298,7.820124625,6.282639475,6.451533721,5.994471593,5.938038808,6.271964814,7.735032743
Nuf2,119.6643605,-1.68936222,0.424433716,-3.980273379,6.88E-05,0.001823138,DOWN,8.058825426,7.714227284,8.24522852,8.31312216,7.918252902,7.244421055,6.78140438,6.396106553,6.246756466,6.265375587,6.79354317,5.809781955,6.796447873
Dtl,81.39476013,-3.301859542,0.501894265,-6.578795119,4.74E-11,1.42E-08,DOWN,8.044912713,7.015923676,7.467720139,8.067623981,7.538829091,6.918052345,6.737435789,5.541074666,5.560002105,5.310259733,6.50557655,5.653216858,5.995964958
Fezf2,52.21047487,-2.702648395,0.656459656,-4.117006082,3.84E-05,0.00117625,DOWN,6.976225502,6.503297419,7.364105013,7.740206264,6.964962961,6.578064923,6.062892279,5.06937059,5.47774293,5.61567691,5.384695381,6.17304374,6.148524587
Bub1b,117.0374922,-2.309094331,0.498909839,-4.6282798,3.69E-06,0.000183938,DOWN,7.897716149,8.049293639,7.688857969,8.353545272,7.97401503,6.995868414,7.051090787,5.914564384,5.932488155,6.17332034,6.369139292,6.064841404,7.553294303
Islr2,116.6988418,-3.549263066,0.459295984,-7.72761615,1.10E-14,9.81E-12,DOWN,7.733389922,7.532092139,7.81901678,7.800321066,8.768512084,7.606082924,7.376775282,5.980454506,5.89390631,5.537297625,6.215442241,6.527695435,6.514067012
Depdc1,51.14143516,-3.892380893,0.781665636,-4.979598327,6.37E-07,4.31E-05,DOWN,7.248657313,7.036006273,7.81901678,7.333217224,6.704215906,6.277946788,5.996092566,5.176943285,5.17456897,4.584621216,4.584621216,5.463552288,6.148524587
Dapk1,153.4442381,-1.519110452,0.42287303,-3.592355968,0.000327702,0.00621498,DOWN,7.943503397,7.573165832,8.418389154,8.260926909,8.230966637,7.705800403,7.1503687,6.239884206,6.684773545,6.99947498,7.302861101,7.314509443,7.735032743
Igfbpl1,116.2228841,-3.120142588,0.676424002,-4.612702357,3.97E-06,0.000194828,DOWN,7.433271109,7.239270021,7.93817132,7.940274087,8.161544479,7.731108756,6.987826953,5.526528297,6.026713105,5.852634327,6.568582383,8.244407176,5.818274787
Dlx2,629.5020469,-3.513182755,0.424317901,-8.279600617,1.24E-16,1.74E-13,DOWN,10.16943792,9.881096752,9.516965787,10.17954219,11.21832938,9.853049925,9.410191007,7.160782149,7.589074491,7.061418074,6.685948054,6.80374196,6.878430559
Kif22,126.7341383,-1.946474108,0.309145754,-6.296299025,3.05E-10,6.32E-08,DOWN,7.767823477,7.599892514,8.087178831,7.693372266,8.027665084,7.676020478,7.32477493,6.239884206,6.313536856,6.576272256,7.437673073,6.864491524,7.344296183
Lmnb1,497.73504,-1.56336715,0.340585739,-4.590230807,4.43E-06,0.000213313,DOWN,9.460596241,8.695782913,9.240812976,9.507808285,10.17347102,9.170051351,8.920560803,8.108216172,8.29772937,7.958250716,9.104278729,8.916075154,9.070860276
Ccnd2,1768.168795,-1.246520311,0.304741889,-4.090413411,4.31E-05,0.001284056,DOWN,11.26909215,10.90653926,10.48713906,11.37526568,12.11691501,11.35279968,10.98416721,10.2638593,10.35369766,10.42234194,9.560454696,9.636281088,9.183261848
LOC103690190,611.247275,-1.094313823,0.383688659,-2.852088009,0.004343307,0.040580783,DOWN,9.848275921,9.864907135,9.127311366,10.04172927,10.12399612,9.169347406,8.817784305,8.363081675,8.776775694,8.268781619,9.20040235,9.709388777,8.795551537
Bub1,165.8691888,-2.259589127,0.48324174,-4.67589809,2.93E-06,0.00015097,DOWN,8.838957444,8.195496001,8.366498607,8.921679987,8.118803455,7.440568076,7.219697954,6.511615023,6.246756466,5.585174817,6.50557655,6.740050032,7.163776758
Uchl1,277.080603,-1.567244126,0.283192691,-5.534196941,3.13E-08,3.40E-06,DOWN,8.481025946,8.70796777,8.554394515,9.127352522,9.194968193,8.721925576,8.81862301,7.174892872,7.667352325,7.85960418,7.072056219,7.27124782,7.286718428
Neurod1,230.4981807,-1.499199798,0.467386298,-3.207624625,0.001338361,0.017442061,DOWN,7.517104277,7.785587368,7.834472537,7.740206264,8.749395966,8.720001138,9.796666754,7.259932076,7.278102439,8.61946184,6.685948054,6.363278186,6.70900708
Tp53i11,1132.664833,-1.02974803,0.267071694,-3.85569888,0.000115399,0.002766358,DOWN,10.46727793,9.997046388,9.45891863,10.22360389,11.20876761,10.95694038,10.67799482,10.11343826,10.1073427,9.637001719,9.272926941,9.594002535,9.258487604
Kif11,221.3240701,-2.870939593,0.41081738,-6.988359626,2.78E-12,1.37E-09,DOWN,8.546424438,8.390004544,8.934698283,8.914963472,9.080464598,8.09180169,7.897377651,6.433758584,6.489620056,6.155771907,6.985504632,6.864491524,7.857406513
Fam111a,105.326594,-1.953225724,0.404288287,-4.831269637,1.36E-06,8.25E-05,DOWN,7.707000047,7.928825467,7.487546663,8.173221259,7.952309578,7.329345332,6.956621994,6.323914353,6.211898811,6.119848372,6.130351901,5.944966993,6.878430559
B3gnt5,79.94759533,-2.077333226,0.716092572,-2.900928326,0.00372059,0.036348151,DOWN,7.297178029,7.239270021,7.705801842,7.542685648,8.079359706,7.241680757,6.684190906,6.172686632,6.584423235,5.332112487,4.584621216,5.210847643,5.995964958
Gad2,286.877583,-1.725026702,0.264849654,-6.513229955,7.36E-11,1.96E-08,DOWN,8.743644525,8.683493563,8.792868782,8.513618586,8.808768665,8.999113781,9.167498316,7.427435277,7.454835191,7.708238041,8.009702943,6.740050032,7.777015935
Bard1,95.91371122,-2.123984412,0.496424749,-4.278562692,1.88E-05,0.000681358,DOWN,7.715851833,7.639049202,7.803389783,7.611666651,8.148416972,7.14508812,6.777796222,5.952713716,6.040510761,6.387714791,6.43923752,5.463552288,6.514067012
Gprin1,123.4724351,-2.318918511,0.300895791,-7.706716334,1.29E-14,1.04E-11,DOWN,7.62471734,7.785587368,7.87984966,7.940274087,8.502158156,7.761645008,7.815047029,6.421335344,6.291689532,6.551009727,6.130351901,5.809781955,6.283108591
Dlx1,405.7779323,-3.657314457,0.381535301,-9.585782631,9.18E-22,4.52E-18,DOWN,9.570746154,9.344337871,9.217651122,9.718885841,10.36757044,9.182663777,8.83943284,6.705128573,6.792789388,6.444562969,6.892986095,6.978239815,6.70900708
Gad1,217.0407675,-2.821623497,0.678812263,-4.156706724,3.23E-05,0.001048594,DOWN,8.072603103,8.271579776,7.406484641,9.04980684,7.816432461,8.533078061,8.972708137,6.125618375,6.24101812,6.82564626,9.01190281,6.527695435,7.286718428
Celsr3,354.7508551,-2.382084049,0.320997511,-7.420880122,1.16E-13,7.64E-11,DOWN,9.157653767,8.988131301,9.398431754,9.538677618,9.576897007,8.747655744,8.730444161,6.929335451,6.85073761,7.472840091,7.752576159,7.718207412,7.970014969
Clvs1,47.31396657,-1.651565629,0.527300283,-3.132115952,0.001735513,0.021089849,DOWN,6.633730547,6.561853531,6.782683941,6.957020388,6.908910319,6.71513748,6.94711701,5.801778583,5.514010268,6.37308168,6.294758929,5.210847643,5.995964958
Incenp,289.036114,-1.142508768,0.286278898,-3.990894112,6.58E-05,0.001776553,DOWN,8.613663443,8.743912896,8.703854946,8.795693763,9.089603789,8.420117222,8.166120498,7.645993111,7.551414442,7.758780918,7.921518647,7.97934451,8.646432212
Cenpt,90.6602059,-1.081083969,0.312716757,-3.457070801,0.000546081,0.008997101,DOWN,7.834263879,7.664558677,7.787587622,7.413092984,7.324465021,6.938792498,7.024340575,6.494074356,6.235251705,6.518705037,5.702477535,6.80374196,6.283108591
Mybl2,93.08489794,-2.782794933,0.490673032,-5.671383496,1.42E-08,1.70E-06,DOWN,7.661884455,7.204495873,7.980387466,7.560252727,8.080897198,7.171328591,7.054030581,5.779843462,6.151382039,5.553558605,5.938038808,6.448210971,6.615247565
Cep55,76.4821484,-2.717154045,0.473887109,-5.733758091,9.82E-09,1.27E-06,DOWN,7.465303568,7.689612571,7.364105013,7.542685648,7.769346898,7.091038909,6.632706875,5.496641815,5.861975637,5.82898362,5.702477535,5.463552288,6.404013887
Kif23,165.4059448,-2.071869966,0.493836189,-4.195459982,2.72E-05,0.000914145,DOWN,8.570802562,8.2466673,7.894657134,8.987171705,8.524847843,7.580540824,7.222295534,6.452162561,6.70868599,6.07328252,6.50557655,6.363278186,7.226625823
Itga4,252.8258205,-1.15460442,0.191711414,-6.022616982,1.72E-09,2.87E-07,DOWN,8.570802562,8.456613847,8.186499154,8.665598826,8.829846278,8.647929707,8.666630005,7.730802592,7.922008524,7.526287252,7.560543316,7.39716423,7.600986552
Srrm4,90.27343765,-2.322828829,0.396317014,-5.861037363,4.60E-09,6.60E-07,DOWN,7.537297086,7.354484822,7.38545698,7.693372266,7.874495506,7.326769202,7.16938316,5.812566584,6.324313253,5.942149862,5.938038808,6.448210971,6.878430559
Prr11,96.60376282,-1.477858333,0.422481281,-3.498044529,0.000468683,0.008065848,DOWN,8.152575776,7.762200381,7.755441406,7.872029995,7.831173684,6.952442534,6.770549972,6.389717515,6.34029939,6.24097691,4.584621216,5.653216858,5.995964958
Cenpe,253.7569783,-2.621205965,0.443877628,-5.905244603,3.52E-09,5.18E-07,DOWN,9.151216326,8.857611753,9.050715115,9.04980684,8.881662991,8.060054858,7.689202062,6.617383029,6.601703591,5.852634327,7.530826428,7.083091612,8.074326212
Gpr68,98.20302223,2.705863669,0.460884889,5.871018417,4.33E-09,6.28E-07,UP,7.119258641,7.25633187,6.35472911,6.752324449,6.221263223,5.890511037,6.373500817,7.721365236,7.707759363,8.45804881,7.405180935,6.363278186,6.796447873
Arx,277.0511401,-4.269233048,0.65078699,-6.560108169,5.38E-11,1.52E-08,DOWN,9.436988603,8.818833976,8.831572475,9.391819939,9.615862081,8.545095716,8.189745936,6.210495003,6.151382039,5.067405462,6.43923752,6.80374196,5.995964958
Cox6a2,43.57980998,2.032594629,0.5128927,3.963001678,7.40E-05,0.001934259,UP,7.105616816,7.055794353,6.153079565,6.653777871,5.723229327,5.598370198,5.596611411,6.376838487,6.743749113,6.655080899,5.384695381,5.809781955,6.70900708
Foxm1,389.7286102,-0.854035032,0.251326636,-3.398107914,0.000678536,0.010503191,DOWN,9.541531324,9.175049134,9.063768047,9.480811564,9.355046154,8.932598137,8.590039491,8.093737079,8.273764317,8.338176886,8.030917499,7.810727312,7.452721528
Tbr1,50.04284919,-2.048445198,0.473223729,-4.32870347,1.50E-05,0.000568375,DOWN,6.653164425,6.472963009,7.078094734,7.181221641,6.937230554,6.914564091,6.7921697,6.117581682,5.548738864,5.645162629,5.558515763,5.809781955,6.404013887
Gsx2,41.04573896,-3.865637142,0.58931374,-6.559557129,5.40E-11,1.52E-08,DOWN,6.633730547,6.590145927,6.35472911,7.291477623,7.506860765,6.503579405,6.478234803,5.152053349,5.342802996,5.264269211,5.15393544,5.463552288,5.311071597
Mcm10,92.37430171,-2.933689017,0.5869051,-4.998574759,5.78E-07,3.99E-05,DOWN,7.465303568,7.504022189,7.364105013,7.542685648,8.142543405,7.233426866,7.083082375,6.059662765,5.592927414,5.779938479,5.827161447,5.944966993,7.503915314
Ppp1r3b,365.1179847,1.109541418,0.331251303,3.349545824,0.000809442,0.01208337,UP,8.455054196,8.884682299,7.803389783,8.624974637,8.049826499,8.150377075,8.205281131,9.051388636,8.729472632,9.472679091,9.325017061,8.644422961,8.47996388
Esco2,100.4075153,-2.318279142,0.489543652,-4.735592286,2.18E-06,0.000119553,DOWN,8.058825426,7.545918065,8.02138207,7.857976687,7.888645783,7.103237044,6.676402819,5.904807098,6.012739932,5.920480252,6.294758929,5.463552288,6.955642279
Scrt2,28.98617824,-3.94023921,0.809620611,-4.866772356,1.13E-06,7.07E-05,DOWN,5.868965784,6.343595622,6.444146744,6.547054812,7.159513226,6.424387116,6.636741128,5.004916209,4.849921957,5.520713534,4.584621216,5.210847643,4.584621216
Pcp2,153.8027441,-1.618717458,0.570401917,-2.837854168,0.004541793,0.04174255,DOWN,7.715851833,6.747932394,6.847244822,7.577601613,8.693473497,7.86885216,9.35006506,6.523174127,7.633767594,7.779530754,5.384695381,5.210847643,4.584621216
Kntc1,157.2235385,-2.136126242,0.506228054,-4.21969155,2.45E-05,0.000836904,DOWN,8.465499588,8.039636492,8.334434154,8.504682761,8.145483221,7.179964442,7.242900834,6.068122384,6.371652456,6.164579528,6.985504632,6.363278186,8.232773991
Baiap2,296.0650958,0.7537009,0.235500208,3.200425619,0.001372248,0.017754526,UP,8.551333399,8.478144414,8.061224959,8.103701894,7.513773098,7.879311903,8.035929089,8.372087329,8.438177381,8.567161475,9.124024547,8.95674083,8.5774452
Spc24,35.13804232,-1.615986424,0.554333198,-2.915189692,0.003554724,0.035548032,DOWN,6.510468737,6.409980008,6.567249415,7.333217224,6.804745443,6.130687053,6.016562693,5.636506035,5.655286649,5.645162629,5.827161447,5.463552288,4.584621216
Sp9,65.73420859,-4.409354236,0.856329084,-5.149135205,2.62E-07,2.11E-05,DOWN,7.132764909,6.590145927,6.714779989,7.644922404,8.217071136,7.219558983,6.830905298,5.433292309,5.560002105,4.584621216,5.827161447,5.653216858,5.311071597
Cdca8,72.80038094,-1.386371482,0.379759702,-3.650654546,0.000261573,0.005238903,DOWN,7.07791477,7.239270021,7.364105013,7.270123633,7.464650336,6.678036816,6.531849786,6.14939398,6.223633372,6.054100816,6.568582383,6.864491524,6.615247565
Draxin,48.30269119,-3.77326998,0.574131221,-6.572138642,4.96E-11,1.46E-08,DOWN,7.020749142,6.472963009,6.605753338,7.470116975,7.499913968,6.875577592,6.322762866,5.22366793,5.327817769,5.353291375,5.702477535,5.210847643,5.818274787
Tiam2,351.8790593,-1.489504984,0.310561339,-4.796170027,1.62E-06,9.57E-05,DOWN,8.794162345,8.540856757,8.941788499,9.184280127,9.743287326,9.071756617,8.788116362,8.003617554,7.999678114,7.835065965,7.469422188,7.718207412,8.320015567
Dlx5,128.1181877,-3.361052869,0.653061306,-5.146611562,2.65E-07,2.13E-05,DOWN,8.323362098,7.808592491,7.564146426,8.091777452,8.918906178,7.680027817,7.273240066,6.068122384,6.054138135,5.659551088,4.584621216,5.463552288,6.615247565
Parpbp,31.52176902,-1.894611526,0.552095173,-3.431675584,0.000599865,0.009657135,DOWN,6.510468737,6.617823706,7.364105013,6.687466003,6.29308801,6.027998584,5.685169864,5.416609898,5.413318621,5.214669003,5.558515763,4.584621216,5.601673458
Mms22l,86.38544147,-1.633487687,0.430100554,-3.797920445,0.000145915,0.003355027,DOWN,7.733389922,7.306282195,7.654344098,7.010156857,7.750062964,7.182830966,6.978541454,6.389717515,6.21778079,6.281366893,5.558515763,6.448210971,6.878430559
Hmgb2l1,701.8699947,-1.25663182,0.310215417,-4.050836131,5.10E-05,0.001451145,DOWN,9.659533051,9.664340737,9.661206303,10.16831306,10.34710921,9.593182265,9.444228726,8.65119546,8.818228019,8.595002367,9.994675752,9.08453424,9.183261848
Pask,67.16016071,-2.258499161,0.525699117,-4.296182149,1.74E-05,0.000642408,DOWN,7.273131702,6.722934674,7.87984966,7.470116975,6.912483412,6.429487451,6.107370335,5.661980264,5.525748762,5.353291375,6.294758929,6.527695435,7.226625823
Dlx6as,258.1101852,-2.598441349,0.414146683,-6.274205383,3.51E-10,7.21E-08,DOWN,8.623016314,8.773193714,8.948843876,8.935019479,9.575272924,8.539645656,8.105280828,6.81513087,6.755230317,6.881208993,7.437673073,6.271964814,6.955642279
Cdkn3,38.87303381,-1.976217611,0.541987217,-3.646243948,0.000266101,0.005301848,DOWN,6.882475543,6.617823706,6.714779989,7.086126801,6.861564785,6.218827818,6.179782067,5.541074666,5.837356899,5.239970341,5.384695381,5.809781955,5.818274787
Clspn,73.69544211,-2.937390897,0.516216407,-5.690231576,1.27E-08,1.57E-06,DOWN,7.715851833,7.168814848,7.636763377,7.353622817,7.443054827,6.644140094,6.426978394,5.623493522,5.47774293,5.393838743,5.827161447,6.448210971,7.097891243
Eomes,79.0071402,-1.888130963,0.405717233,-4.653810116,3.26E-06,0.000165065,DOWN,7.297178029,7.036006273,6.878379163,7.740206264,7.561223313,7.339602029,7.250548712,5.952713716,6.019748796,6.538186923,5.938038808,6.363278186,6.514067012
Kif18a,84.44204912,-2.096322171,0.36570858,-5.73222037,9.91E-09,1.27E-06,DOWN,7.496614662,7.726374827,7.771606234,7.560252727,7.386289618,6.661199863,6.624600113,5.757406328,5.812123377,5.875748152,6.940045788,6.271964814,6.796447873
Kif15,201.6298134,-1.079053652,0.367094009,-2.939447733,0.003287977,0.033534985,DOWN,8.401650314,8.471003529,8.301632535,8.728292795,8.429440903,7.802579484,7.442465791,7.178397876,6.998170333,7.18532256,6.892986095,7.749727853,8.139838383
St8sia2,23.32324532,-2.958849716,0.86927669,-3.403806579,0.000664538,0.010351557,DOWN,6.163598207,6.308990703,6.527540518,6.346178867,6.608810989,5.984098689,5.939529487,5.345827344,5.312496699,4.584621216,5.384695381,4.584621216,5.818274787
Slc17a6,39.40138303,-1.817199448,0.610466025,-2.976741333,0.002913297,0.030660677,DOWN,6.349423836,6.472963009,7.130114922,6.509389295,6.338675774,6.429487451,6.264364747,5.569433055,5.582091518,5.537297625,5.827161447,5.210847643,7.163776758
Rasgrp3,5691.157966,0.770264163,0.180566831,4.265812036,1.99E-05,0.0007123,UP,13.1127749,12.75913184,12.5026276,12.74504044,11.53837826,11.99724348,11.96910788,12.65417,12.65016665,12.52866423,12.54942025,12.3444183,12.31609993
AC099089.1,403.5339017,-1.002233397,0.359570761,-2.787305046,0.005314842,0.04650433,DOWN,9.095301838,8.79047945,8.438628799,8.993559557,8.69247266,8.168906029,7.707622608,7.266512727,7.682882911,7.320550296,10.10793043,9.915659871,8.966982035
Mllt11,302.5026136,-1.23065833,0.192806921,-6.382853503,1.74E-10,3.94E-08,DOWN,8.939588829,9.121481281,8.687059546,9.249745327,8.940123169,8.763622473,8.696155199,7.799634875,7.831164306,7.618773196,7.072056219,7.226580365,7.553294303
Ns5atp9,53.20256097,-2.682605242,0.534105708,-5.02261107,5.10E-07,3.60E-05,DOWN,7.146138436,6.796537799,7.051316303,7.181221641,7.670168833,6.875577592,6.214351295,5.649332692,5.645190604,5.67371607,5.15393544,5.210847643,5.818274787
Enc1,488.4972531,-1.731528871,0.298345792,-5.803765028,6.48E-09,8.87E-07,DOWN,9.556212839,9.378975141,8.976723757,9.919788556,9.993137007,9.565648118,9.193566194,8.178478855,8.246799262,7.729741047,8.399797356,8.081542621,8.171496076
Dio1,33.17654629,3.31209067,0.824893358,4.015174372,5.94E-05,0.001644999,UP,7.273131702,7.460827181,5.48351862,6.873134735,5.028474882,5.050569539,5.103714523,6.275619683,5.940037594,5.840878035,4.584621216,4.584621216,5.818274787
Chrm4,54.39845234,-2.290789336,0.414946156,-5.520690588,3.38E-08,3.60E-06,DOWN,7.146138436,6.866235772,6.815359841,7.373731472,7.308566432,6.582577933,6.587470334,5.569433055,5.80356877,5.71495532,6.038385492,6.17304374,5.818274787
Dscc1,49.87673231,-1.390875389,0.428389714,-3.246752531,0.001167298,0.015776142,DOWN,7.309045501,6.561853531,6.938541489,7.312505408,6.572279699,6.21274931,6.191419666,5.833799486,5.571117989,5.701410218,6.130351901,5.944966993,6.796447873
Zfhx4,322.1085564,-1.525266251,0.339913104,-4.487224031,7.22E-06,0.000321687,DOWN,9.105328487,9.089285922,9.252255502,9.327596813,8.793921151,8.572038932,8.233329431,7.113886205,7.58079285,7.181368998,7.23016875,8.056674873,8.712248724
Kif20b,107.202757,-2.878882327,0.562992971,-5.113531564,3.16E-07,2.41E-05,DOWN,8.051886117,7.853506686,7.966454777,8.343546346,7.495263449,7.16843779,6.527468238,5.904807098,5.592927414,5.239970341,6.130351901,6.17304374,7.344296183
Brca1,165.0906614,-1.155143134,0.384657472,-3.003043534,0.002672942,0.028718823,DOWN,7.93597435,8.105896399,8.210282344,8.421642991,8.303746876,7.494147856,7.302924237,6.982964135,6.680744859,7.061418074,7.530826428,6.864491524,7.970014969